vacancy_id,name,salary_predicted,salary_lower_95,salary_upper_95
128142954,Middle Full-Stack разработчик с уклоном на backend,999936.8696323913,671583.3966180279,1328290.3426467546
126180466,Старший инженер RNO,351371.52102374705,23018.048009383667,679724.9940381104
128161703,QA Engineer (Middle+),1033733.6701461076,705380.1971317441,1362087.143160471
128119735,Backend-разработчик,875497.3390200393,547143.8660056759,1203850.8120344027
127862616,Frontend-разработчик (middle 3),851347.2696260297,522993.7966116663,1179700.742640393
126543274,Системный администратор,859876.1328392611,531522.6598248978,1188229.6058536244
128122011,Senior Full-Stack PHP разработчик,589561.8043922802,261208.3313779168,917915.2774066436
127744125,1С Разработчик,724251.7507409151,395898.2777265517,1052605.2237552784
127597593,C-разработчик,571075.23623999,242721.7632256266,899428.7092543533
128175796,Системный администратор / DevOps специалист,780264.2645823928,451910.7915680294,1108617.737596756
127413020,Frontend Developer,624223.2465193232,295869.7735049598,952576.7195336865
128373575,NET Trainee,262070.7508044715,-66282.72220989189,590424.2238188349
126441200,Старший администратор систем мониторинга,965007.6977605608,636654.2247461975,1293361.170774924
127353870,Senior Front-end Developer,1061336.7810658074,732983.3080514441,1389690.2540801708
127998099,Software Engineer (Low-Code / BPM),457758.18448736845,129404.71147300507,786111.6575017318
128087637,Главный разработчик Oracle,1088664.4863255164,760311.013311153,1417017.9593398797
127921980,Автоматизатор-тестировщик (middle+/senior) на Python,1079830.0645086032,751476.5914942399,1408183.5375229665
127761093,Консультант SAP,571075.23623999,242721.7632256266,899428.7092543533
127394984,Senior Android Developer,1084162.695465196,755809.2224508326,1412516.1684795592
127913854,C++ Gameplay Programmer,903593.3736415345,575239.9006271712,1231946.8466558978
128116789,Fullstack-разработчик (React/Java),1285444.8848088197,957091.4117944564,1613798.357823183
127957328,Старший разработчик 1С,918080.2400637106,589726.7670493473,1246433.713078074
127954171,Middle Developer,643045.7656241916,314692.29260982823,971399.2386385549
127708243,Full Stack QA Automation Engineer (Java),875852.7846975017,547499.3116831384,1204206.257711865
128137218,Руководитель отдела CRM-поддержки/CRM as a Service Team Lead,571075.23623999,242721.7632256266,899428.7092543533
127787918,Программист 1С,905595.5264567988,577242.0534424353,1233948.9994711622
127540533,"Ведущий специалист , Департамент сопровождения и развития ОЦИБ",520346.54365739546,191993.0706430321,848700.0166717588
127791366,Администратор баз данных,452659.103290553,124305.6302761896,781012.5763049163
127979623,Backend Engineer,524085.81664711295,195732.34363274957,852439.2896614764
127980419,JavaScript Trainee,337494.53932760505,9141.066313241667,665848.0123419685
128357952,Системный администратор,441583.3774487931,113229.90443442971,769936.8504631565
127759983,"Senior Backend Developer (Python, FastAPI)",887709.1894728129,559355.7164584496,1216062.6624871762
126337963,Ведущий системный администратор,859876.1328392611,531522.6598248978,1188229.6058536244
128380120,Системный администратор,859876.1328392611,531522.6598248978,1188229.6058536244
127314117,Golang developer,795644.7674881341,467291.2944737707,1123998.2405024974
128273948,IT руководитель,454917.42171657045,126563.94870220707,783270.8947309338
128405410,Программист 1C ERP,276431.00388304284,-51922.46913132054,604784.4768974062
127809448,Менеджер по IT проектам в Авиатурагентство,481184.75692326063,152831.28390889725,809538.229937624
127767999,1С разработчик,724251.7507409151,395898.2777265517,1052605.2237552784
128419342,Системный администратор,979797.7792012981,651444.3061869347,1308151.2522156616
126728126,Middle QA engineer,578748.4920177959,250395.01900343254,907101.9650321594
127604106,Программист 1С,905595.5264567988,577242.0534424353,1233948.9994711622
121813801,Директор департамента послепродажного обслуживания,905595.5264567988,577242.0534424353,1233948.9994711622
127442937,Солюшн Архитектор в интеграцию,884659.7000228909,556306.2270085276,1213013.1730372543
126175792,Automated Testing in Java Trainee,486794.3210606184,158440.848046255,815147.7940749817
123176258,Программист 1C,332424.5804716274,4071.1074572640355,660778.0534859907
127481509,Java Trainee,486033.06673609675,157679.59372173337,814386.5397504601
128464230,QA-инженер,811509.1033163201,483155.6303019567,1139862.5763306834
127515765,Senior backend-разработчик (PHP),1172681.785157008,844328.3121426448,1501035.2581713714
127952423,QA Team Lead,1090377.9178080168,762024.4447936534,1418731.39082238
128431046,Senior QA Automation Engineer (Python),1093784.8778696503,765431.4048552869,1422138.3508840136
127855847,Senior Go Developer,1305029.5145050166,976676.0414906533,1633382.98751938
126175386,Automated Testing in JavaScript Trainee,369018.45488769293,40664.981873329554,697371.9279020564
128069749,CRM Administrator,911745.3015796741,583391.8285653107,1240098.7745940376
127377621,GO Trainee,567187.0220968177,238833.54908245435,895540.4951111812
127935125,Middle Fullstack Developer (React + Node.js),654947.2955741072,326593.8225597438,983300.7685884705
128225269,Java разработчик (middle+\senior),625088.3038038854,296734.830789522,953441.7768182487
126601733,1С разработчик,724251.7507409151,395898.2777265517,1052605.2237552784
126175796,Automated Testing in Java Trainee,439609.24340800056,111255.77039363718,767962.7164223639
128092632,C# Developer,892956.1788570813,564602.705842718,1221309.6518714447
126175014,Automated Testing in .NET Trainee,346855.12619837926,18501.653184015886,675208.5992127426
128273742,Frontend Developer (React) Middle +,660392.4462047095,332038.9731903461,988745.9192190729
126175010,Automated Testing in .NET Trainee,497201.115516365,168847.6425020016,825554.5885307284
122515327,Elixir Senior Developer,611972.8323787348,283619.35936437146,940326.3053930982
92896105,Ruby on Rails Middle Developer,433923.1615251027,105569.6885107393,762276.6345394661
127876798,React разработчик Middle,893701.3547212796,565347.8817069163,1222054.827735643
127539786,Разработчик ИИ-агентов (RAG / MCP / n8n / Make),504849.8900502693,176496.41703590594,833203.3630646328
127902367,Frontend Developer (Vue),777153.0901918809,448799.61717751756,1105506.5632062443
128055819,Директор по информационным технологиям и развитию,933804.0770932809,605450.6040789175,1262157.5501076442
127308076,Ведущий системный администратор,452324.4495632601,123970.9765488967,780677.9225776235
127868008,Тестировщик,503544.79526307224,175191.32224870886,831898.2682774356
127560307,"Senior Frontend Developer (React, NodeJS, for External Talent Pool)",915160.0911530398,586806.6181386765,1243513.5641674032
128101206,Разработчик Python и SQL в IT стартап,476490.57112016174,148137.09810579836,804844.0441345251
127653188,MATLAB Developer,1117961.7913640183,789608.318349655,1446315.2643783817
126443784,Системный администратор,1049708.3831081812,721354.9100938179,1378061.8561225445
127032837,Программист / Разработчик 1С,905595.5264567988,577242.0534424353,1233948.9994711622
128269313,Lead Fullstack Engineer (Marketing),1187177.205551032,858823.7325366687,1515530.6785653953
127335910,Технический представитель,1036928.4211656449,708574.9481512816,1365281.8941800082
127780166,Инженер-программист,481184.75692326063,152831.28390889725,809538.229937624
128076859,Fullstack-разработчик (Laravel и Vue.js),335380.1500356673,7026.677021303913,663733.6230500307
127248054,Администратор Colvir,905595.5264567988,577242.0534424353,1233948.9994711622
128319777,Инженер по автоматизации тестирования (Python),494578.4685047476,166224.99549038423,822931.9415191109
127327581,"1С-программист (г. Алматы, в офисе)",905595.5264567988,577242.0534424353,1233948.9994711622
126729758,Backend-разработчик,729022.8760533356,400669.40303897223,1057376.349067699
127912466,Software Engineer/Инженер-программист,782394.1891184406,454040.71610407723,1110747.662132804
127842659,Senior Java developer ( Tech Lead / IT Architect),1058213.1606817325,729859.6876673691,1386566.6336960958
128318659,Frontend-разработчик (Senior),925818.8920669067,597465.4190525434,1254172.36508127
127825017,Staff Software Architect (Java),1155757.0185091766,827403.5454948132,1484110.4915235399
126871735,Разработчик 1С,961829.0770932809,633475.6040789175,1290182.5501076442
128310254,Fullstack-разработчик,630664.4186903407,302310.94567597733,959017.8917047041
128009120,Team Lead разработки вспомогательных систем,946747.8510108708,618394.3779965073,1275101.3240252342
127350607,QA Engineer,849166.351494811,520812.87848044763,1177519.8245091743
126735206,QA Engineer,662888.0378947754,334534.564880412,991241.5109091387
128058859,Senior IT Automation Engineer,1202914.2915543949,874560.8185400316,1531267.7645687582
128134633,Архитектор онлайн систем,910991.4257306107,582637.9527162474,1239344.898744974
126175801,Automated Testing in Java Trainee,337102.00344831066,8748.530433947279,665455.4764626741
127989267,Системный администратор,449915.540472351,121562.06745798764,778269.0134867143
128085855,Lead AI Engineer,1184203.8625920345,855850.3895776712,1512557.3356063978
127950558,QA Lead/AQA Lead (Python),1309377.7772884034,981024.30427404,1637731.2503027667
107916955,Программист-разработчик,481184.75692326063,152831.28390889725,809538.229937624
128368560,Frontend Developer (React),965347.8204778642,636994.3474635009,1293701.2934922276
127758964,Senior Java Developer,1029467.2056346553,701113.7326202919,1357820.6786490188
127762091,QA инженер,722469.2418391602,394115.76882479683,1050822.7148535235
128053450,Middle Frontend Engineer,1070603.1077983205,742249.6347839572,1398956.5808126838
127986879,Программист 1С,481184.75692326063,152831.28390889725,809538.229937624
127596321,Frontend-разработчик (Senior),909823.9296804557,581470.4566660924,1238177.402694819
128135075,Head of engineering,770618.416471947,442264.9434575836,1098971.8894863103
127780781,Программист 1С,541245.906685992,212892.43367162865,869599.3797003555
127852959,Главный разработчик,363779.64540326945,35426.17238890607,692133.1184176328
124418937,Технический управляющий объектами коммерческой недвижимости (г. Алматы),933804.0770932809,605450.6040789175,1262157.5501076442
127488575,Senior Java Developer,1192341.7941866438,863988.3211722805,1520695.267201007
127998622,Middle Тестировщик,319847.49804268405,-8505.97497167933,648200.9710570474
127329772,Senior C# developer,917652.5629693668,589299.0899550035,1246006.03598373
128046276,Разработчик 1С,724251.7507409151,395898.2777265517,1052605.2237552784
127483367,"Junior Software Developer (JS/TS) , офис",472556.07413075224,144202.60111638886,800909.5471451157
127307518,Java-разработчик,625944.5524032549,297591.0793888915,954298.0254176182
124575032,Software Functional Testing Trainee,460607.7990743272,132254.32605996385,788961.2720886907
126175385,Automated Testing in JavaScript Trainee,359705.15552109666,31351.682506733283,688058.62853546
127919286,Junior QA Engineer,532423.2427194233,204069.76970505988,860776.7157337866
128410108,Менеджер IT-проектов,718985.3981841055,390631.92516974214,1047338.8711984688
127790336,Главный IT-разработчик Управления процессинга и платежных карт,859876.1328392611,531522.6598248978,1188229.6058536244
126175793,Automated Testing in Java Trainee,461672.1070520107,133318.63403764734,790025.580066374
128278306,Golang Developer,859200.0069147714,530846.5339004081,1187553.4799291347
127558505,Team Lead / Руководитель разработки (for External Talent Pool),574139.6569257171,245786.18391135376,902493.1299400805
127919264,Руководитель отдела ИТ,905595.5264567988,577242.0534424353,1233948.9994711622
128248538,Oracle / PL/SQL Developer,764164.6942548683,435811.22124050494,1092518.1672692318
126893274,QA Engineer (тестировщик ПО),674434.7031830936,346081.2301687302,1002788.1761974569
128308504,Ruby on Rails Senior Developer,1110655.7036038763,782302.230589513,1439009.1766182396
128467579,Управляющий производством и инфраструктурой,441583.3774487931,113229.90443442971,769936.8504631565
127440237,Разработчик 1С,724251.7507409151,395898.2777265517,1052605.2237552784
124032519,Тестировщик,521123.11950941855,192769.64649505517,849476.5925237819
128360116,"Back-end разработчик (PHP), middle 3",890997.4941070115,562644.0210926482,1219350.9671213748
125322198,Business Central Solution Architect,928322.5039184082,599969.0309040449,1256675.9769327715
128467428,Python-разработчик,564879.8407884922,236526.36777412886,893233.3138028556
127605033,SAP Cloud Development Team Lead,1290586.8324833272,962233.3594689639,1618940.3054976906
128055820,Директор по информационным технологиям и развитию,714795.4339559432,386441.96094157983,1043148.9069703065
127363903,Middle C# Developer,555975.8874440048,227622.4144296414,884329.3604583682
126175393,Automated Testing in JavaScript Trainee,275649.69637585164,-52703.77663851174,604003.1693902151
128010867,Middle QA Engineer (Web / BPMN / Test Design),439856.94022379105,111503.46720942768,768210.4132381545
117505746,Разработчик Back End,488879.9004802845,160526.4274659211,817233.3734946479
127308515,QA engineer (Middle),611793.6558826666,283440.1828683032,940147.1288970299
127801948,UX Writer,483205.1475191889,154851.6745048255,811558.6205335523
127745313,CTO / Технический директор (IT-аутсорс и аутстаффинг),1017928.229651186,689574.7566368226,1346281.7026655495
128074082,Партнёр по ИТ (Sr Fullstack),737555.586753349,409202.1137389857,1065909.0597677124
127305439,Ведущий специалист по карточному оборудованию,276431.00388304284,-51922.46913132054,604784.4768974062
127999390,Frontend-разработчик,821568.9937464772,493215.5207321138,1149922.4667608405
128049169,Software Engineer по аудиту IT-систем,1087993.129173769,759639.6561594056,1416346.6021881322
127780900,Программист AI (офис),965007.6977605608,636654.2247461975,1293361.170774924
127798976,Manual QA инженер (стажер),419571.7148484093,91218.24183404591,747925.1878627727
126444022,Angular Developer (middle+),937775.1618185933,609421.68880423,1266128.6348329566
128122278,Middle Frontend разработчик,563525.9978874828,235172.52487311937,891879.4709018462
124575041,Software Functional Testing Trainee,399324.5164578691,70971.04344350571,727677.9894722325
127632366,Программист 1С в отдел внедрения,276431.00388304284,-51922.46913132054,604784.4768974062
128412573,Senior MDM разработчик,1223338.4021641444,894984.9291497811,1551691.8751785078
127299801,Разработчик PL SQL,803632.1153073825,475278.64229301916,1131985.5883217459
128119780,QA Team Lead,994625.274216158,666271.8012017945,1322978.7472305214
126175008,Automated Testing in .NET Trainee,514407.8298020793,186054.35678771592,842761.3028164427
128365073,Backend разработчик (.NET),810375.6600126501,482022.1869982867,1138729.1330270134
127765761,AI Solutions Engineer,958872.4184678537,630518.9454534904,1287225.891482217
127611606,Full Stack Developer (React + Node.js),864997.3328091755,536643.859794812,1193350.805823539
128126121,Fullstack-разработчик,456235.90163100255,127882.42861663917,784589.3746453659
124999353,Администратор карточной платформы и терминальной сети (Эксперт/Старший Эксперт),521123.11950941855,192769.64649505517,849476.5925237819
127444232,Senior Software Инженер (Java),1029389.6089005811,701036.1358862177,1357743.0819149446
128125468,Backend-разработчик Senoir Java,1070287.7174953455,741934.2444809822,1398641.1905097088
126512187,"Senior Frontend Developer (React, Next.js)",1059694.1338514965,731340.6608371332,1388047.6068658598
128330302,SAP Basis consultant,957094.2411237175,628740.7681093542,1285447.7141380808
127710594,Backend-разработчик,903585.9594182826,575232.4864039193,1231939.432432646
128438141,Junior frontend-разработчик,467985.1202069856,139631.64719262224,796338.593221349
127410871,Android Developer,1084162.695465196,755809.2224508326,1412516.1684795592
128445492,Backend-разработчик,855726.8627403219,527373.3897259585,1184080.3357546853
127247218,"Fullstack-разработчик (PostgreSQL, Node.js, Vue.js)",842825.9668630731,514472.4938487097,1171179.4398774365
128127159,Middle+/Senior Back-end Kotlin Developer,847567.3880724132,519213.9150580498,1175920.8610867765
126153991,Разработчик программного обеспечения,303508.24719293334,-24845.22582143004,631861.7202072968
123353038,Middle C# developer (Paynet),852127.0977813541,523773.6247669907,1180480.5707957174
128148325,AI Engineer / Integrator,722665.1817612692,394311.70874690585,1051018.6547756325
126175798,Automated Testing in Java Trainee,337102.00344831066,8748.530433947279,665455.4764626741
128267419,Python-разработчик (Middle+/Senior),883353.2598788084,554999.7868644451,1211706.7328931717
127533528,IOS Developer (Senior),1017452.0124277006,689098.5394133371,1345805.485442064
127818477,Заместитель директора технологического комплекса,868992.7144916414,540639.2414772781,1197346.1875060047
127080410,Middle/Senior Java Backend Developer,1114008.7249473815,785655.2519330182,1442362.1979617449
124575603,Software Functional Testing Intern,399324.5164578691,70971.04344350571,727677.9894722325
127696064,Системный администратор,368221.0486085939,39867.5755942305,696574.5216229572
127921573,Android-разработчик (Senior),1057838.0808048144,729484.607790451,1386191.5538191777
128461514,Middle/Middle+ Flutter Developer,1010682.888706965,682329.4156926016,1339036.3617213285
128310432,Team Lead группы разработки С++,1203673.8647961519,875320.3917817886,1532027.3378105152
128467577,Управляющий производством и инфраструктурой,571075.23623999,242721.7632256266,899428.7092543533
127602719,Web-developer (middle / senior),871444.1207412776,543090.6477269141,1199797.593755641
128418239,Программист 1С,481184.75692326063,152831.28390889725,809538.229937624
127101515,Программист ASP.NET,662991.5003441456,334638.0273297822,991344.9733585089
125123298,Разработчик/программист 1С ERP,858609.2505712387,530255.7775568753,1186962.7235856021
127603003,QA Engineer (middle),736328.1997906042,407974.7267762408,1064681.6728049675
127693095,Системный администратор,276431.00388304284,-51922.46913132054,604784.4768974062
128424287,Middle Golang разработчик,532907.9356725807,204554.46265821735,861261.408686944
126111775,ИТ-архитектор,903239.9727173471,574886.4997029838,1231593.4457317104
126651744,Colvir разработчик,1136571.915045303,808218.4420309397,1464925.3880596664
128090965,Senior Unity Developer,1004320.5961373381,675967.1231229748,1332674.0691517014
126175013,Automated Testing in .NET Trainee,346855.12619837926,18501.653184015886,675208.5992127426
127935022,Инженер по интеграции и разработке СКУД,865850.2578392611,537496.7848248978,1194203.7308536244
126574222,Middle QA Engineer,727192.158794218,398838.6857798546,1055545.6318085813
128000162,Директора департамента информационных технологий,1176309.7482308303,847956.275216467,1504663.2212451936
126345380,Senior fullstack developer в Департамент Киберзащиты,1264887.703554309,936534.2305399457,1593241.1765686723
127405752,Senior fullstack разработчик (java/kotlin+angular),938345.379432474,609991.9064181107,1266698.8524468374
128237058,Руководитель по развитию информационных систем,571075.23623999,242721.7632256266,899428.7092543533
126593824,Ведущий системный администратор,859876.1328392611,531522.6598248978,1188229.6058536244
126602331,Главный разработчик АБИС IBSO,1026232.5568562867,697879.0838419234,1354586.02987065
126914077,Middle Flutter developer,941648.7500224762,613295.2770081128,1270002.2230368396
128070900,Начальник отдела программирования (разработки),1146199.8105835232,817846.3375691599,1474553.2835978866
127430574,Разработчик C++,909926.5424796629,581573.0694652996,1238280.0154940262
128346278,Senior Go Land,712885.1359084726,384531.6628941092,1041238.6089228359
126756819,Младший разработчик AI / Python,270247.694546747,-58105.77846761636,598601.1675611103
128353334,Android Developer (Middle),919919.8788861784,591566.405871815,1248273.3519005417
126726126,IOS-разработчик (middle\middle+; команда кредитов бизнеса),900370.9605800826,572017.4875657193,1228724.433594446
127478397,Team Lead (Frontend/Full Stack),1390320.2426306116,1061966.7696162483,1718673.715644975
127856371,Senior Backend Software Developer (Java / Go),1423483.2801675708,1095129.8071532075,1751836.7531819341
128370611,Frontend разработчик (React),490035.9331575163,161682.46014315292,818389.4061718797
126366633,"Senior Backend Developer (Python, Django)",978033.9828709242,649680.5098565607,1306387.4558852876
127700350,Системный администратор,905595.5264567988,577242.0534424353,1233948.9994711622
127449382,Lead Android Developer,1201975.6103128667,873622.1372985034,1530329.08332723
127346703,Программист 1С,645872.7362399899,317519.2632256265,974226.2092543533
126175009,Automated Testing in .NET Trainee,518759.12916867575,190405.65615431237,847112.6021830391
128159600,Golang-разработчик,645774.459864594,317420.98685023066,974127.9328789574
128270073,Android Trainee,455543.2094674161,127189.73645305273,783896.6824817795
126175016,Automated Testing in .NET Trainee,346855.12619837926,18501.653184015886,675208.5992127426
128387743,Программист-разработчик,1216747.3393003582,888393.8662859949,1545100.8123147215
127919731,Senior Java Developer,1055222.3737817523,726868.900767389,1383575.8467961156
125321852,Intern Developer,269443.27934115904,-58910.19367320434,597796.7523555225
127876930,Java Full-Stack Developer (Разработчик),987905.5688891103,659552.095874747,1316259.0419034737
128379308,Системный администратор,937940.245293854,609586.7722794907,1266293.7183082174
124367648,Senior full-stack разработчик,930161.9752080897,601808.5021937264,1258515.448222453
128073507,Разработчик Data Quality,922164.8733654286,593811.4003510652,1250518.346379792
126574311,Ведущий администратор IT сети,933804.0770932809,605450.6040789175,1262157.5501076442
126285034,Инженер-программист участка автоматизированных систем управления,276431.00388304284,-51922.46913132054,604784.4768974062
128314738,Middle Scala/Spark Developer,748877.9217256074,420524.448711244,1077231.3947399708
128294851,Php разработчик (Middle),243639.46506377024,-84714.00795059314,571992.9380781336
128270296,QA инженер (Middle+ / Senior),854481.0509332796,526127.5779189162,1182834.5239476429
127307241,IT менеджер,937940.245293854,609586.7722794907,1266293.7183082174
128299470,Senior Front-end Developer,1090857.5431503663,762504.070136003,1419211.0161647296
126175389,Automated Testing in JavaScript Trainee,275649.69637585164,-52703.77663851174,604003.1693902151
127979045,Middle Backend разработчик (Golang),708550.5175778356,380197.0445634722,1036903.9905921989
127861307,Frontend Developer (Интернет-банкинг),1145528.1295851828,817174.6565708194,1473881.602599546
128306385,Colvir разработчик (Senior),1026232.5568562867,697879.0838419234,1354586.02987065
127935921,Senior Data Integration Engineer,1194220.6063713748,865867.1333570115,1522574.0793857381
128438640,Senior PHP/Go developer,744873.9168535834,416520.44383922004,1073227.3898679467
127978261,Senior PHP разработчик,593674.7215413084,265321.24852694507,922028.1945556719
124575037,Software Functional Testing Trainee,399324.5164578691,70971.04344350571,727677.9894722325
128058888,Fullstack QA Engineer (Kotlin),694505.6302775324,366152.157263169,1022859.1032918957
124575608,Software Functional Testing Intern,399324.5164578691,70971.04344350571,727677.9894722325
127854070,Senior PHP Developer (Fullstack),694067.5224188124,365714.049404449,1022420.9954331757
127925380,Руководитель Департамента разработки и сопровождения платформы данных,1211841.264770418,883487.7917560546,1540194.7377847813
127532991,Технический Директор / Технический Координатор,969703.4655000785,641349.9924857151,1298056.938514442
122242354,Начальник управления Удостоверяющего Центра и мониторинга доступов,905595.5264567988,577242.0534424353,1233948.9994711622
127500706,Java developer (Senior),916874.6830778145,588521.2100634512,1245228.1560921778
124575039,Software Functional Testing Trainee,399324.5164578691,70971.04344350571,727677.9894722325
127407362,Full stack .NET developer (with Blazor),835427.4927340215,507074.0197196581,1163780.9657483848
127768430,Инженер-разработчик,905595.5264567988,577242.0534424353,1233948.9994711622
128299934,Fullstack разработчик (Python / JS) для AI-проекта,693152.1778966272,364798.70488226385,1021505.6509109905
128394716,Golang developer,1047421.2645747368,719067.7915603735,1375774.7375891001
128151977,Frontend-разработчик,1027881.9329371348,699528.4599227714,1356235.405951498
126803969,"Разработчик Oracle (PL/SQL, PL+)",562886.1093467432,234532.63633237983,891239.5823611065
127368005,Программист 1С,903070.5107465229,574717.0377321595,1231423.9837608864
127776743,Эксперт по ИТ-архитектуре,964475.8930381252,636122.4200237619,1292829.3660524886
128096574,Golang-разработчик,829624.8589531217,501271.3859387583,1157978.3319674851
120508948,Разработчик БД PostgreSQL,860758.94293581,532405.4699214466,1189112.4159501733
126175790,Automated Testing in Java Trainee,337102.00344831066,8748.530433947279,665455.4764626741
128338967,QA Automation Engineer (Java),1125087.4069333845,796733.9339190212,1453440.8799477478
127899558,Технический лидер РНР разработки,846225.3072233599,517871.83420899656,1174578.7802377234
128414673,Системный администратор на серверное оборудование,567398.7417391699,239045.26872480655,895752.2147535332
127395553,Senior IOS разработчик,877752.7873320151,549399.3143176518,1206106.2603463784
127582580,Fullstack-разработчик,849857.4501806226,521503.97716625925,1178210.923194986
127834941,Главный системный администратор,1058932.4123940142,730578.9393796509,1387285.8854083775
128124033,Senior iOS Developer,1021862.6780112373,693509.2049968739,1350216.1510256007
128294428,Программист 1С,905595.5264567988,577242.0534424353,1233948.9994711622
127933945,Системный администратор,276431.00388304284,-51922.46913132054,604784.4768974062
123396911,React Native Senior Developer,1255006.4660486653,926652.993034302,1583359.9390630287
128375846,Системный администратор,458106.64209926187,129753.16908489849,786460.1151136253
123960672,QA Automation Engineer (UK client),664469.325981157,336115.85296679364,992822.7989955205
126536114,Senior Backend Go developer,922124.9949080135,593771.5218936501,1250478.467922377
127780923,Разработчик C++ (офис),644059.6163374388,315706.14332307543,972413.0893518021
107216642,Lead Unity Software Engineer (Gameplay),1437016.7419337025,1108663.2689193392,1765370.2149480658
127862785,Golang разработчик (senior),620969.7038358008,292616.2308214374,949323.1768501641
128354299,Разработчик BPM (ELMA 365),1134821.3354708708,806467.8624565075,1463174.8084852342
127389841,Chief Technology Officer (CTO) / Технический директор,1021930.287037103,693576.8140227397,1350283.7600514663
128031219,Fullstack-разработчик,814804.6047383404,486451.131723977,1143158.0777527038
124575606,Software Functional Testing Intern,399324.5164578691,70971.04344350571,727677.9894722325
127576351,Java Software Engineer,1022243.3759650474,693889.9029506841,1350596.8489794107
124575604,Software Functional Testing Intern,399324.5164578691,70971.04344350571,727677.9894722325
125611417,Backend Java Developer,781139.9886084371,452786.51559407375,1109493.4616228004
127389826,Разработчик мобильных обучающих игр (по охране труда и промышленной безопасности),712996.2504508153,384642.7774364519,1041349.7234651786
128467580,Управляющий производством и инфраструктурой,441583.3774487931,113229.90443442971,769936.8504631565
128315876,Системный администратор,370833.8416101375,42480.36859577411,699187.3146245009
128432852,QA Engineer,471564.18600237265,143210.71298800927,799917.6590167361
127757587,Главный инспектор по ИТ,284367.14311877056,-43986.32989559282,612720.6161331339
126746573,.Net Middle Developer,717040.9576862152,388687.4846718518,1045394.4307005785
127609118,"System Administrator (VMware NSX, Veeam & Networking)",908753.897298266,580400.4242839026,1237107.3703126293
128314748,Strong Junior / Middle Backend разработчик (C#),515640.64849354525,187287.17547918187,843994.1215079087
126412079,Java разработчик Middle,827223.8320555447,498870.35904118133,1155577.305069908
128155290,Backend-разработчик,797765.5407387656,469412.06772440224,1126119.013753129
126175388,Automated Testing in JavaScript Trainee,346786.2918770865,18432.81886272313,675139.7648914498
128357351,IT писатель (Технический писатель),965007.6977605608,636654.2247461975,1293361.170774924
128427389,Golang разработчик Middle,926617.6354423078,598264.1624279444,1254971.1084566712
127963237,Reverse Engineer (Android),364171.2627933336,35817.78977897024,692524.735807697
128301112,Инженер QA Отдела продакт менеджмента,934758.0173703651,606404.5443560018,1263111.4903847284
127501053,Схематехник-программист (Embedded Engineer),930161.9752080897,601808.5021937264,1258515.448222453
126175390,Automated Testing in JavaScript Trainee,275649.69637585164,-52703.77663851174,604003.1693902151
126410436,Senior Full-Stack Python (Django+React) Developer,806010.948697109,477657.47568274563,1134364.4217114723
127394268,Руководитель CRM-отдела,905595.5264567988,577242.0534424353,1233948.9994711622
128192705,Test Engineer Trainee,275278.67474399187,-53074.79827037151,603632.1477583552
127759354,Системный администратор,452324.4495632601,123970.9765488967,780677.9225776235
128152883,Системный администратор / младший системный администратор,521123.11950941855,192769.64649505517,849476.5925237819
128031071,Программист 1С,481184.75692326063,152831.28390889725,809538.229937624
127871539,C#/.NET-разработчик,571075.23623999,242721.7632256266,899428.7092543533
128032158,"Администратор системы SCCM, Office 365",501776.19711086666,173422.72409650328,830129.67012523
127597647,Senior Data Base Administrator,964558.0774831881,636204.6044688248,1292911.5504975514
127663907,Разработчик 1С,968684.6145954352,640331.1415810718,1297038.0876097986
128412586,Архитектор MDM,1031119.4411174771,702765.9681031138,1359472.9141318405
127809589,Senior Python Backend - разработчик,1133522.6021656187,805169.1291512554,1461876.075179982
128134921,Ведущий системный администратор OSS,552581.2229026488,224227.74988828547,880934.6959170122
128356185,QA Auto Senior (python),1142254.9456918542,813901.4726774909,1470608.4187062175
128375826,Senior QA Automation Engineer,1022083.7310116636,693730.2579973002,1350437.204026027
127300475,PHP Trainee,429161.62626539776,100808.15325103438,757515.0992797611
127852784,Администратор Jira (Главный Эксперт),386628.0216455387,58274.548631175305,714981.4946599021
127565654,Middle Back-End Developer (Golang),688322.6112415312,359969.13822716783,1016676.0842558946
124575601,Software Functional Testing Intern,478210.5133600415,149857.0403456781,806563.9863744049
123397043,Middle Software Engineer (Gameplay),799713.40330208,471359.9302877166,1128066.8763164433
127709792,Senior Python Developer,1056285.2007133774,727931.7276990141,1384638.6737277408
127779618,Chief technical officer (CTO) AI Platform,741338.5044216155,412985.0314072521,1069691.9774359788
128361652,Python-разработчик,533601.5177746363,205248.0447602729,861954.9907889997
122777387,IT Service Desk Team Lead,803906.5213128409,475553.0482984775,1132259.9943272043
126536172,Технический директор (CTO),1159550.8738060682,831197.4007917049,1487904.3468204315
128086215,Backend Developer,257174.01580072835,-71179.45721363503,585527.4888150918
128034256,Системный администратор,859876.1328392611,531522.6598248978,1188229.6058536244
127708013,Junior разработчик Управления back-end разработки,481184.75692326063,152831.28390889725,809538.229937624
128307721,Заместитель директора по техническим вопросам,714795.4339559432,386441.96094157983,1043148.9069703065
128159217,QA engineer,578748.4920177959,250395.01900343254,907101.9650321594
127410910,Программист 1С,571075.23623999,242721.7632256266,899428.7092543533
128089603,Инженер-программист С++,1110786.5565035678,782433.0834892045,1439140.0295179312
124575038,Software Functional Testing Trainee,399324.5164578691,70971.04344350571,727677.9894722325
126175015,Automated Testing in .NET Trainee,346855.12619837926,18501.653184015886,675208.5992127426
128222536,Разработчик QGis,481184.75692326063,152831.28390889725,809538.229937624
127865845,Директор департамента по искусственному интеллекту и автоматизации / Data & AI Director,1075561.1409211494,747207.6679067861,1403914.6139355127
128245233,Test Automation Engineer | Middle+,1033733.6701461076,705380.1971317441,1362087.143160471
127560146,Senior Golang Back-End Developer (for External Talent Pool),682250.3955986247,353896.92258426134,1010603.8686129882
127898633,Системный администратор компаний Hickmet,481184.75692326063,152831.28390889725,809538.229937624
127988456,Android разработчик (от middle),1058988.2190153024,730634.746000939,1387341.6920296657
127400629,Руководитель отдела автоматизации,579671.1195669472,251317.64655258384,908024.5925813105
128374962,Менеджер ИТ,443052.23262521124,114698.75961084786,771405.7056395747
127314999,Инженер-программист,332045.2874700838,3691.8144557204214,660398.7604844472
127702759,Middle Golang разработчик,847646.6451118002,519293.1720974368,1176000.1181261635
127414287,Middle Frontend-разработчик,550786.4821111998,222433.00909683638,879139.9551255631
127510279,Playable Ads Developer,488775.47276134684,160421.99974698346,817128.9457757103
128225264,QA инженер (Middle/middle+),637892.9500517286,309539.47703736526,966246.423066092
127756744,Старший разработчик ETL процессов,1047650.0840652707,719296.6110509073,1376003.5570796342
127452659,Младший тестировщик,452763.68117222376,124410.20815786038,781117.1541865871
92952280,Senior C++ Software Engineer (Gameplay),1001932.8557983574,673579.3827839941,1330286.3288127207
127444230,HTML-верстальщик / Frontend-разработчик (проект),851419.8451062912,523066.37209192786,1179773.3181206547
128296604,Технический директор,905595.5264567988,577242.0534424353,1233948.9994711622
127979351,Middle Frontend разработчик,508979.49817694764,180626.02516258426,837332.971191311
128134861,Flutter-разработчик,755447.4592311735,427093.9862168101,1083800.932245537
127404240,Руководитель отдела автоматизации,724251.7507409151,395898.2777265517,1052605.2237552784
127663947,Руководитель коммерческого (технического) сервиса,563242.2096081085,234888.73659374512,891595.6826224718
128237120,Java Software Engineer,464703.6676130912,136350.1945987278,793057.1406274545
128412382,Teamlead Frontend (React),811235.4285020465,482881.9554876831,1139588.9015164098
127860178,Fullstack-разработчик Департамента информационных технологий,994751.8695346894,666398.3965203259,1323105.3425490528
126570306,Frontend-разработчик,417699.28310851526,89345.81009415188,746052.7561228786
128031295,Python Middle/Senior разработчик,830461.5687578499,502108.0957434865,1158815.0417722133
127503752,Технический директор,933804.0770932809,605450.6040789175,1262157.5501076442
125616260,Technical Leader Java,1138132.4623348853,809778.9893205219,1466485.9353492486
123657087,Senior QA Test Automation Engineer,621332.5093404099,292979.0363260465,949685.9823547732
127876601,Middle Java Software Engineer,1160829.5877714974,832476.1147571341,1489183.0607858608
126412014,"Team Leader / Software Architect (Python, FastAPI, AI Integration)",1170120.0701177293,841766.5971033659,1498473.5431320926
127913890,C++ Gameplay Programmer,679105.7238850049,350752.2508706415,1007459.1968993682
127797376,QA Engineer (Manual),719793.8477151394,391440.374700776,1048147.3207295027
124575030,Software Functional Testing Trainee,444451.6173204302,116098.1443060668,772805.0903347936
126175011,Automated Testing in .NET Trainee,491894.96615806915,163541.49314370577,820248.4391724325
127629818,PHP Developer,1104784.9144365112,776431.4414221479,1433138.3874508746
127707869,Middle QA Manual,527832.4802363929,199479.00722202956,856185.9532507563
128035707,"Manual QA Engineer / Тестировщик (офис, Алматы)",686017.4975983715,357664.0245840081,1014370.9706127348
128321090,Frontend-разработчик,434740.3557149779,106386.88270061451,763093.8287293413
127801891,SAP Developer (BTP/CAP),511615.0279751554,183261.554960792,839968.5009895188
126175012,Automated Testing in .NET Trainee,346855.12619837926,18501.653184015886,675208.5992127426
126826428,Руководитель отдела внедрения 1С,541245.906685992,212892.43367162865,869599.3797003555
127487975,Game QA Engineer (Junior/ Middle),720677.5003703572,392324.0273559938,1049030.9733847205
127712915,Senior PL/SQL Developer,1080321.0788322946,751967.6058179312,1408674.5518466579
120340782,Middle C# developer,884549.2701216517,556195.7971072884,1212902.743136015
125388222,Руководитель IT-отдела,497881.1850859424,169527.712071579,826234.6581003058
127250074,Golang-разработчик,1066193.3825491625,737839.9095347992,1394546.8555635258
127393225,Senior PHP Developer,907716.3478233533,579362.8748089899,1236069.8208377166
128321482,Администратор баз данных (DBA/Database administrator),1156980.6969989226,828627.2239845593,1485334.170013286
128251130,Старший разработчик 1С,905595.5264567988,577242.0534424353,1233948.9994711622
127830747,AI-специалист (Generative AI + Backend),603581.913688787,275228.44067442365,931935.3867031503
126812513,Middle/Senior Backend Software Engineer (NestJS / Node.js),1129058.6076654578,800705.1346510944,1457412.080679821
124575605,Software Functional Testing Intern,399324.5164578691,70971.04344350571,727677.9894722325
124575033,Software Functional Testing Trainee,481682.8127266378,153329.33971227444,810036.2857410011
127365999,Технический директор,905595.5264567988,577242.0534424353,1233948.9994711622
128096592,Администратор сервисов и приложений,521447.66453084385,193094.19151648047,849801.1375452073
128132175,Разработчик C# (Revit API),681549.9147476252,353196.44173326186,1009903.3877619887
128270878,Colvir Разработчик,905595.5264567988,577242.0534424353,1233948.9994711622
128005891,Junior QA Engineer (Manual),719793.8477151394,391440.374700776,1048147.3207295027
128419221,Системный администратор,937940.245293854,609586.7722794907,1266293.7183082174
126100775,Программист 1С,486285.38542728894,157931.91241292557,814638.8584416523
127715447,Главный разработчик АБИС IBSO,1026232.5568562867,697879.0838419234,1354586.02987065
126177994,Разработчик карточной платформы (PL/SQL),740693.4574070438,412339.9843926804,1069046.930421407
127492974,Node.js backend developer,850964.9888666827,522611.51585231937,1179318.4618810462
128442822,Senior Full Stack Engineer (старший full stack разработчик﻿),899362.5020909216,571009.0290765583,1227715.975105285
126736129,"Frontend разработчик, VueJS, Middle",1004684.2296692072,676330.7566548439,1333037.7026835706
127503645,Web-мастер,247780.83947787006,-80572.63353649332,576134.3124922335
127949974,Team Lead Computer Vision,1002575.3337933322,674221.8607789688,1330928.8068076957
127819503,WEB-разработчик (PHP/Laravel),363900.29192331125,35546.81890894787,692253.7649376746
128430567,Atlassian Engineer,365765.9106909446,37412.437676581205,694119.383705308
127633644,Системный администратор,567398.7417391699,239045.26872480655,895752.2147535332
126803892,Администратор баз данных Postgresql (Старший Эксперт),1005072.6379251971,676719.1649108338,1333426.1109395605
126175797,Automated Testing in Java Trainee,337102.00344831066,8748.530433947279,665455.4764626741
128120013,QA/Тестировщик Управления моделирования Департамента кредитных рисков,771979.4183190443,443625.9453046809,1100332.8913334077
127714020,CTO (Chief Technology Officer — технический директор в FinTech),938117.5336098325,609764.0605954691,1266471.006624196
128301105,Системный администратор,1009480.0199832034,681126.5469688401,1337833.4929975667
127400630,Руководитель отдела автоматизации,491520.6902611666,163167.21724680322,819874.16327553
127314625,Специалист по администрированию обучающей платформы (LMS-администратор),481184.75692326063,152831.28390889725,809538.229937624
128251665,Старший разработчик 1С – блок Finance,905595.5264567988,577242.0534424353,1233948.9994711622
107863337,Разработчик БД MS SQL Server,905631.7304374697,577278.2574231063,1233985.203451833
128195067,Full Stack Developer (Python+React),1015712.255931441,687358.7829170777,1344065.7289458043
127530306,Dynamics 365 \ Power Platform Developer,1107817.9598377577,779464.4868233944,1436171.432852121
125205235,React Front-end Developer,450643.3080924384,122289.835078075,778996.7811068017
124575600,Software Functional Testing Intern,460607.7990743272,132254.32605996385,788961.2720886907
128000273,Team lead python,1305811.26058326,977457.7875688968,1634164.7335976234
126175007,Automated Testing in .NET Trainee,551262.2292346882,222908.75622032484,879615.7022490515
128354864,Manual QA Engineer (ELMA 365),878318.0905291145,549964.6175147512,1206671.5635434778
127341974,Старший менеджер Управления развития цифрового банкинга Департамента цифрового и карточного бизнеса,481184.75692326063,152831.28390889725,809538.229937624
127406095,Программист 1С,287071.4311133316,-41282.0419010318,615424.9041276949
126175384,Automated Testing in JavaScript Trainee,423169.5549537055,94816.08193934214,751523.0279680688
128261038,Intern .NET Developer,460765.4614523641,132411.98843800073,789118.9344667275
127861519,Архитектор решений (Solution Architect),1183894.4654456216,855540.9924312583,1512247.938459985
126175799,Automated Testing in Java Trainee,337102.00344831066,8748.530433947279,665455.4764626741
128031892,1С Разработчик,614219.0990147068,285865.6260003434,942572.5720290702
125399958,Angular разработчик,773152.0319568785,444798.5589425151,1101505.5049712418
127837738,Программист 1С,933804.0770932809,605450.6040789175,1262157.5501076442
128256686,Team Lead Центра обработки данных,905595.5264567988,577242.0534424353,1233948.9994711622
124575036,Software Functional Testing Trainee,399324.5164578691,70971.04344350571,727677.9894722325
128354860,Администратор информационных систем,671642.5947391056,343289.1217247422,999996.0677534689
127936365,Golang-разработчик,1066193.3825491625,737839.9095347992,1394546.8555635258
123753315,Private Cloud Engineer,455577.0902447036,127223.6172303402,783930.563259067
125419807,Администратор систем резервного копирования,920514.7932015856,592161.3201872222,1248868.266215949
127438901,Middle/Senior QA automation engineer,1144099.3064196715,815745.8334053082,1472452.7794340348
128176704,Руководитель отдела разработки 1C,1065421.4094388788,737067.9364245154,1393774.882453242
127917223,Тренер по программированию C++ и Python,494525.60923391936,166172.13621955598,822879.0822482827
128050003,Разработчик Data Quality,922164.8733654286,593811.4003510652,1250518.346379792
127556343,Программист-разработчик,487767.41452317184,159413.94150880846,816120.8875375353
128321137,Java Team Lead,1256088.7681210006,927735.2951066373,1584442.241135364
127587464,Ведущий администратор баз данных,477274.73958479735,148921.26657043397,805628.2125991607
127635593,Junior Frontend Developer (Angular),454379.5897937475,126026.11677938415,782733.0628081108
127367570,Заместитель технического директора,905595.5264567988,577242.0534424353,1233948.9994711622
127955719,Java-разработчик,887643.4457696149,559289.9727552515,1215996.9187839783
127938988,Middle Go Developer,996855.1332726536,668501.6602582901,1325208.606287017
127949181,IT support,905595.5264567988,577242.0534424353,1233948.9994711622
128305838,Data Engineer (middle),534029.3382872641,205675.86527290073,862382.8113016274
121606660,Database administrator,851297.5663335887,522944.0933192253,1179651.039347952
127576085,QA Manual Engineer,455339.556419904,126986.08340554062,783693.0294342674
124575599,Software Functional Testing Intern,481682.8127266378,153329.33971227444,810036.2857410011
127500323,Frontend Developer,1070997.8591998701,742644.3861855068,1399351.3322142335
126919490,Главный специалист (APM Administrator),724104.968406334,395751.4953919707,1052458.4414206974
126175794,Automated Testing in Java Trainee,466637.9064186071,138284.43340424373,794991.3794329704
128093857,Разработчик Node. js,701741.9997560944,373388.52674173104,1030095.4727704579
127307397,Junior AI Workflow Developer,275429.18198213505,-52924.29103222833,603782.6549964985
127347744,Главный специалист инфраструктуры Microsoft (ITE/GEN),501776.19711086666,173422.72409650328,830129.67012523
124575035,Software Functional Testing Trainee,453921.6497160314,125568.17670166801,782275.1227303948
128462993,Разработчик Colvir,646303.4185268104,317949.945512447,974656.8915411737
127983045,Middle Backend Laravel Developer,841124.1944675143,512770.7214531509,1169477.6674818776
128007133,Производственный директор / Технический директор,441583.3774487931,113229.90443442971,769936.8504631565
124575598,Software Functional Testing Intern,444451.6173204302,116098.1443060668,772805.0903347936
127952186,"Разработчик ЛПО ""Outsystems""",741363.008079003,413009.5350646396,1069716.4810933664
127903342,Системный администратор / Help Desk,481184.75692326063,152831.28390889725,809538.229937624
127335811,Frontend-разработчик,671698.8951236377,343345.42210927437,1000052.3681380011
127876093,Технолог-программист станков с числовым программным управлением,276431.00388304284,-51922.46913132054,604784.4768974062
126175006,Automated Testing in .NET Trainee,614785.2256276847,286431.75261332135,943138.698642048
127755910,"QA инженер, команда Chocofood",1091678.3388459717,763324.8658316084,1420031.811860335
127562371,QA-инженер,576528.580534277,248175.10751991364,904882.0535486403
127425182,Системный администратор,450899.9240987586,122546.45108439523,779253.397113122
128383392,Senior Fullstack Developer с функциями DevOps-инженера,1397302.8816231205,1068949.4086087572,1725656.3546374838
128358943,Программист 1С,680204.3392724677,351850.8662581043,1008557.812286831
92896104,Ruby on Rails Middle Developer,487104.7235669418,158751.25055257842,815458.1965813052
127441593,Старший инженер базы данных,984067.7584486535,655714.2854342901,1312421.231463017
128255864,Руководитель группы разработки,1110303.3271795597,781949.8541651964,1438656.800193923
127616516,Старший QA тестировщик,562548.9167985736,234195.4437842102,890902.389812937
127600649,ML-инженер,433088.01901559765,104734.54600123427,761441.492029961
127414484,Middle/Senior C# developer,932697.0741938616,604343.6011794982,1261050.547208225
128235725,QA engineer,481184.75692326063,152831.28390889725,809538.229937624
128233895,Cистемный администратор PostgreSQL,862909.913725042,534556.4407106787,1191263.3867394053
128271613,Senior Java Developer,1318524.0742525407,990170.6012381774,1646877.547266904
128433487,CRM Developer,699420.5561783875,371067.0831640241,1027774.0291927508
127444233,Senior Software Инженер (Java),1226544.6642077845,898191.1911934211,1554898.1372221478
127404239,Руководитель отдела автоматизации,495139.92462510697,166786.4516107436,823493.3976394704
127361138,Backend Team Lead,1306578.643180556,978225.1701661926,1634932.1161949192
92964515,Lead C++ Software Engineer (Gameplay),1437016.7419337025,1108663.2689193392,1765370.2149480658
127920730,Team Lead for Service Line,928720.6641968524,600367.191182489,1257074.1372112157
127896805,Technical Writer (Please provide your CV in English),444518.84270718286,116165.36969281948,772872.3157215463
127770042,Python-разработчик,1052055.607606336,723702.1345919727,1380409.0806206993
126175791,Automated Testing in Java Trainee,523786.50648461963,195433.03347025625,852139.979498983
127897323,Technical Director,563242.2096081085,234888.73659374512,891595.6826224718
126175392,Automated Testing in JavaScript Trainee,275649.69637585164,-52703.77663851174,604003.1693902151
128386283,Системный администратор (специалист по сетям),441583.3774487931,113229.90443442971,769936.8504631565
124989995,Программист 1С,481184.75692326063,152831.28390889725,809538.229937624
128114380,QA/Support specialist,579118.1313364161,250764.65832205274,907471.6043507794
127503644,Web-мастер,247780.83947787006,-80572.63353649332,576134.3124922335
128296816,Java-разработчик,995793.5929978099,667440.1199834466,1324147.0660121732
128467578,Управляющий производством и инфраструктурой,441583.3774487931,113229.90443442971,769936.8504631565
128018111,Android Developer (Kotlin) in Almaty,504444.40347376064,176090.93045939726,832797.876488124
127763461,Программист 1С,927933.6700448359,599580.1970304726,1256287.1430591992
124575034,Software Functional Testing Trainee,478210.5133600415,149857.0403456781,806563.9863744049
127983442,Системный администратор,332045.2874700838,3691.8144557204214,660398.7604844472
128378295,Senior Frontend Engineer,1016492.1791735556,688138.7061591921,1344845.652187919
127696468,Middle golang разработчик Управление разработки,556802.4170427248,228448.9440283614,885155.8900570881
127477151,Kotlin Developer,593955.5382600629,265602.06524569954,922309.0112744262
127831844,Java Developer (Middle),822386.0096151885,494032.5366008251,1150739.4826295518
127562131,Team Lead MLOps,906719.0798624768,578365.6068481135,1235072.55287684
126821828,Team Lead .NET,881708.7154920653,553355.242477702,1210062.1885064286
127879915,Специалист по тестированию на проникновение,693699.5173340195,365346.04431965615,1022052.9903483829
127779619,Chief technical officer (CTO) AI Platform,924555.6499830796,596202.1769687163,1252909.122997443
128115864,Помощник системного администратора,452324.4495632601,123970.9765488967,780677.9225776235
127963292,Team Lead,977160.051928571,648806.5789142076,1305513.5249429343
121671001,Database Administrator,1060732.7867306499,732379.3137162866,1389086.2597450132
127976990,Программист 1С,905595.5264567988,577242.0534424353,1233948.9994711622
126896695,Аналитик senior 1С,463488.18917901214,135134.71616464877,791841.6621933755
128357049,Системный администратор,458106.64209926187,129753.16908489849,786460.1151136253
128153693,IT специалист (г.Боралдай),441108.7939780767,112755.32096371334,769462.2669924401
92958955,Senior Unity Software Engineer (Gameplay),1001932.8557983574,673579.3827839941,1330286.3288127207
126560743,"1С-разработчик (современный стек: EDT, Git, интеграции)",541942.4264270093,213588.9534126459,870295.8994413726
127773271,Senior Microsoft Exchange Administrator,1036928.4211656449,708574.9481512816,1365281.8941800082
127646212,"Middle+/Senior Manual QA Engineer - CNP Processing (E-Commerce), Office-based only",652146.016843357,323792.5438289936,980499.4898577204
127482791,Администратор баз данных (DBA),1009480.0199832034,681126.5469688401,1337833.4929975667
128346490,Golang-разработчик ГПХ,897396.6730035362,569043.1999891729,1225750.1460178995
126175800,Automated Testing in Java Trainee,337102.00344831066,8748.530433947279,665455.4764626741
127873004,Ведущий тестировщик программного обеспечения (офлайн г.Астана),654688.6989435755,326335.2259292121,983042.1719579389
126175391,Automated Testing in JavaScript Trainee,275649.69637585164,-52703.77663851174,604003.1693902151
126175382,Automated Testing in JavaScript Trainee,275649.69637585164,-52703.77663851174,604003.1693902151
128313222,Middle+ Android Developer в SuperApp,1029585.9758168585,701232.5028024951,1357939.4488312218
128168619,Разработчик антифрод-системы,496167.3727261907,167813.89971182734,824520.8457405542
127488640,Team lead команды разработки,1009053.2086189204,680699.735604557,1337406.6816332838
127898090,Senior Golang-разработчик,1078103.3456399143,749749.872625551,1406456.8186542776
127925853,Golang разработчик,1197402.778783509,869049.3057691457,1525756.2517978724
128431538,Директор по эксплуатации,714795.4339559432,386441.96094157983,1043148.9069703065
127587559,Middle QA Engineer (Backend / Automation),521123.11950941855,192769.64649505517,849476.5925237819
128154771,QA Engineer,841758.3441540683,513404.8711397049,1170111.8171684316
127944141,Тестировщик,481184.75692326063,152831.28390889725,809538.229937624
127395366,Руководитель отдела поддержки пользователей,571075.23623999,242721.7632256266,899428.7092543533
124575031,Software Functional Testing Trainee,543246.3788802801,214892.9058659167,871599.8518946434
127558084,Senior QA Engineer (for External Talent Pool),1120610.3453288558,792256.8723144925,1448963.818343219
127646385,QA инженер,744408.0572562215,416054.58424185816,1072761.5302705849
126832417,Java-разработчик,722942.352143292,394588.8791289286,1051295.8251576554
127259429,1C программист,441583.3774487931,113229.90443442971,769936.8504631565
128266506,Backend-разработчик,940005.8624487885,611652.3894344252,1268359.3354631518
126175005,Automated Testing in .NET Trainee,346855.12619837926,18501.653184015886,675208.5992127426
127278039,Penetration tester,905595.5264567988,577242.0534424353,1233948.9994711622
127834120,Системный администратор,452324.4495632601,123970.9765488967,780677.9225776235
126560695,Начальник Управления (Разработка бизнес приложений и ИС),933804.0770932809,605450.6040789175,1262157.5501076442
127812538,Frontend разработчик (Vue3 + typescript),1192488.2853760836,864134.8123617203,1520841.758390447
127519725,"Руководитель отдела продаж (E-commerce b2c , электроника)",905595.5264567988,577242.0534424353,1233948.9994711622
126175383,Automated Testing in JavaScript Trainee,402026.5635920507,73673.09057768731,730380.036606414
127479779,Ведущий администратор 1С,481184.75692326063,152831.28390889725,809538.229937624
127497855,Инженер технической поддержки/Системный администратор,481184.75692326063,152831.28390889725,809538.229937624
128164640,Senior QA Engineer (iOS),1198951.2252296584,870597.7522152951,1527304.6982440217
127700349,Системный администратор,441919.257616651,113565.78460228763,770272.7306310143
127614532,Embedded Software Engineer / Инженер-программист встраиваемых систем,937940.245293854,609586.7722794907,1266293.7183082174
128439762,Middle Playable Ads Developer,482531.2962695759,154177.8232552125,810884.7692839393
127935920,Senior Data Integration Engineer,1058537.0591678913,730183.586153528,1386890.5321822546
128131423,Администратор Atlassian,581579.7085330896,253226.23551872623,909933.1815474529
127774836,Backend-разработчик,853580.6423100649,525227.1692957014,1181934.1153244283
128056046,Java-разработчик,746557.3124636675,418203.8394493041,1074910.7854780308
127491794,PHP Developer (middle),486744.5899768274,158391.116962464,815098.0629911907
127373598,QA Engineer,803906.5213128409,475553.0482984775,1132259.9943272043
128289554,"Senior Full-stack developer (Angular, C++)",916469.4202629651,588115.9472486018,1244822.8932773285
124575607,Software Functional Testing Intern,399324.5164578691,70971.04344350571,727677.9894722325
128113275,Заместитель начальника технического департамента,563242.2096081085,234888.73659374512,891595.6826224718
127936234,FullStack Developer / AI Agent Developer - специалист ІТ,795328.8054186893,466975.3324043259,1123682.2784330526
128165485,Senior Backend Engineer,1231406.7744250293,903053.301410666,1559760.2474393926
128251433,Старший разработчик 1С (ЗУП),905595.5264567988,577242.0534424353,1233948.9994711622
127409730,Head of Service Delivery (E-Commerce),933804.0770932809,605450.6040789175,1262157.5501076442
127107215,"Tech Lead, Platform Architecture (AWS)",1326521.5300534812,998168.0570391179,1654875.0030678445
127915316,Главный менеджер Департамента информационных технологий,459787.92607065185,131434.45305628848,788141.3990850153
128069966,Программист 1C,446505.40697494685,118151.93396058347,774858.8799893102
127410752,Angular developer,390811.3204357668,62457.84742140339,719164.7934501301
128431567,Angular Senior/Milddle Разработчик,810291.6683101354,481938.195295772,1138645.1413244987
111220193,Менеджер IT-проектов,573453.1104955045,245099.63748114108,901806.5835098678
127715537,IT-специалист (Системный администратор / Инфраструктура / Поддержка),452324.4495632601,123970.9765488967,780677.9225776235
127919653,Техлид Backend-разработки на Go (Golang),691376.6829402025,363023.20992583915,1019730.1559545659
128311014,GO Trainee,601861.6745419609,273508.20152759756,930215.1475563243
128005843,Junior QA Engineer (Manual),720677.5003703572,392324.0273559938,1049030.9733847205
127755983,SAP специалист,905595.5264567988,577242.0534424353,1233948.9994711622
92736794,Программист-разработчик 1С,332424.5804716274,4071.1074572640355,660778.0534859907
128052584,AI Developer (Streamlit),866249.2226044859,537895.7495901226,1194602.6956188492
127129423,Разработчик Bitrix24 Senior,380006.1128025133,51652.639788149914,708359.5858168767
127846618,Фулстак-разработчик (junior/стажёр),471361.81300208956,143008.33998772618,799715.2860164529
127891335,FullStack Engineer (React+ Node.js),1083801.877430522,755448.4044161588,1412155.3504448854
124575040,Software Functional Testing Trainee,399324.5164578691,70971.04344350571,727677.9894722325
127361189,Backend Team Lead,1348650.7274831561,1020297.2544687928,1677004.2004975195
128413675,PHP Fullstack Developer,762994.7867516016,434641.31373723823,1091348.259765965
128167825,Инженер по разработке ПО для мобильных роботов и интеллектуальных систем,965007.6977605608,636654.2247461975,1293361.170774924
127249377,1С разработчик,724251.7507409151,395898.2777265517,1052605.2237552784
128364406,PHP-разработчик (Laravel + Vue 3),659882.9455811405,331529.4725667771,988236.4185955038
128301095,Администратор базы данных,905595.5264567988,577242.0534424353,1233948.9994711622
128005120,Senior Java Developer,1207026.0180137826,878672.5449994192,1535379.491028146
127937066,Разработчик 1С,724251.7507409151,395898.2777265517,1052605.2237552784
127263728,Fullstack-разработчик,460433.47875761596,132080.00574325258,788786.9517719793
127839976,Программист 1С,541245.906685992,212892.43367162865,869599.3797003555
126447347,C#/.NET-разработчик,1101699.8587550044,773346.385740641,1430053.3317693677
124611659,Тестировщик ПО,452324.4495632601,123970.9765488967,780677.9225776235
128460376,"Директор по ИТ- сервисам, инфраструктуре и технической поддержке",1058497.4123940142,730143.9393796509,1386850.8854083775
126175795,Automated Testing in Java Trainee,444915.3927662964,116561.91975193302,773268.8657806597
128303824,IOS-разработчик,866463.6687103929,538110.1956960296,1194817.1417247562
127346947,Senior Frontend Developer в Kaspi Delivery Team (в офисе),1226622.121602487,898268.6485881237,1554975.5946168504
127271541,Системный/сетевой администратор,521123.11950941855,192769.64649505517,849476.5925237819
128357110,Системный администратор,545001.9022387122,216648.4292243488,873355.3752530755
128411876,Главный инженер-программист Департамента процессинга,481184.75692326063,152831.28390889725,809538.229937624
128391789,Помощник программиста,276431.00388304284,-51922.46913132054,604784.4768974062
127983683,Colvir System Administrator,481184.75692326063,152831.28390889725,809538.229937624
127998450,Support Team Lead,888031.6795738861,559678.2065595228,1216385.1525882494
128299919,Java Developer,930384.7900208556,602031.3170064923,1258738.263035219
124575597,Software Functional Testing Intern,543246.3788802801,214892.9058659167,871599.8518946434
126175387,Automated Testing in JavaScript Trainee,352752.4412353824,24398.968221019022,681105.9142497458
127796267,Full-Stack Разработчик (Angular + AWS Lambda + Java / TypeScript),1062004.8441831376,733651.3711687743,1390358.317197501
124575602,Software Functional Testing Intern,453921.6497160314,125568.17670166801,782275.1227303948
128113885,Технический эксперт по спецтехнике,933804.0770932809,605450.6040789175,1262157.5501076442
